,batch,loss,accuracy
0,0,2.7087223529815674,0.1
1,1,2.708627700805664,0.0
