,epoch,time,loss,accuracy
0,0,0.6345572471618652,0.27087223529815674,0.1
1,1,1.2457871437072754,0.2708627700805664,0.0
